country_name,iso3,stakeholder,satisfaction
Afghanistan,AFG,Magicians,0.28483083079006
Afghanistan,AFG,Workhorses,0.14021389611512128
Afghanistan,AFG,Rentiers,0.5287489311805169
Afghanistan,AFG,Powerbrokers,0.8917910447761194
Albania,ALB,Magicians,0.5292600067066686
Albania,ALB,Workhorses,0.5670906177549238
Albania,ALB,Rentiers,0.45061466229006486
Albania,ALB,Powerbrokers,0.2920181700194679
Algeria,DZA,Magicians,0.4062406653774289
Algeria,DZA,Workhorses,0.33502818519456073
Algeria,DZA,Rentiers,0.5252112282166677
Algeria,DZA,Powerbrokers,0.8389960137202188
Angola,AGO,Magicians,0.424364682585251
Angola,AGO,Workhorses,0.277197566633132
Angola,AGO,Rentiers,0.5812392739067862
Angola,AGO,Powerbrokers,0.7718897747288402
Argentina,ARG,Magicians,0.5228118538909844
Argentina,ARG,Workhorses,0.5407770174325119
Argentina,ARG,Rentiers,0.5483811756582333
Argentina,ARG,Powerbrokers,0.6791624177250395
Armenia,ARM,Magicians,0.49742053538649217
Armenia,ARM,Workhorses,0.5390672191577102
Armenia,ARM,Rentiers,0.35569237342427806
Armenia,ARM,Powerbrokers,0.25860990080652635
Australia,AUS,Magicians,0.7162995166591419
Australia,AUS,Workhorses,0.9154104763956465
Australia,AUS,Rentiers,0.4507016144102093
Australia,AUS,Powerbrokers,0.024844720496894457
Austria,AUT,Magicians,0.7068672634260984
Austria,AUT,Workhorses,0.8334235619435377
Austria,AUT,Rentiers,0.5652020363110666
Austria,AUT,Powerbrokers,0.36645962732919257
Azerbaijan,AZE,Magicians,0.3764616267594093
Azerbaijan,AZE,Workhorses,0.2466652971138761
Azerbaijan,AZE,Rentiers,0.4723719300180709
Azerbaijan,AZE,Powerbrokers,0.6464494298692871
Bahrain,BHR,Magicians,0.4581428339669626
Bahrain,BHR,Workhorses,0.3609385556954583
Bahrain,BHR,Rentiers,0.4389145522688237
Bahrain,BHR,Powerbrokers,0.26417215166404
Bangladesh,BGD,Magicians,0.3866863950816895
Bangladesh,BGD,Workhorses,0.4250505046086866
Bangladesh,BGD,Rentiers,0.4046853066105249
Bangladesh,BGD,Powerbrokers,0.6208398998794846
Barbados,BRB,Magicians,0.6002530115048822
Barbados,BRB,Workhorses,0.7769502685229572
Barbados,BRB,Rentiers,0.44247586750396944
Barbados,BRB,Powerbrokers,0.25465838509316774
Belarus,BLR,Magicians,0.3672519359681171
Belarus,BLR,Workhorses,0.3573310681846845
Belarus,BLR,Rentiers,0.3968830049949664
Belarus,BLR,Powerbrokers,0.619715861685362
Belgium,BEL,Magicians,0.7303367807592404
Belgium,BEL,Workhorses,0.8273522404808409
Belgium,BEL,Rentiers,0.5374773300997628
Belgium,BEL,Powerbrokers,0.16149068322981364
Benin,BEN,Magicians,0.4868687435780933
Benin,BEN,Workhorses,0.4632278229324887
Benin,BEN,Rentiers,0.5293523528483458
Benin,BEN,Powerbrokers,0.4500324464633355
Bhutan,BTN,Magicians,0.49838467465799835
Bhutan,BTN,Workhorses,0.7136249483272706
Bhutan,BTN,Rentiers,0.37588481201031165
Bhutan,BTN,Powerbrokers,0.522225827384815
Bolivia,BOL,Magicians,0.44907580835589594
Bolivia,BOL,Workhorses,0.3775780456820797
Bolivia,BOL,Rentiers,0.5206483831031378
Bolivia,BOL,Powerbrokers,0.7201840177992027
Bosnia and Herzegovina,BIH,Magicians,0.5416365872311084
Bosnia and Herzegovina,BIH,Workhorses,0.5066904478286764
Bosnia and Herzegovina,BIH,Rentiers,0.5080335390978858
Bosnia and Herzegovina,BIH,Powerbrokers,0.35855659590247524
Botswana,BWA,Magicians,0.5114599130103802
Botswana,BWA,Workhorses,0.6211637206588636
Botswana,BWA,Rentiers,0.371291753201489
Botswana,BWA,Powerbrokers,0.17898859738574213
Brazil,BRA,Magicians,0.6499982178736662
Brazil,BRA,Workhorses,0.699080593861532
Brazil,BRA,Rentiers,0.6260206601517316
Brazil,BRA,Powerbrokers,0.5895638268285899
Bulgaria,BGR,Magicians,0.5329406459384812
Bulgaria,BGR,Workhorses,0.48085571517933356
Bulgaria,BGR,Rentiers,0.4680643606339195
Bulgaria,BGR,Powerbrokers,0.11932186891628815
Burkina Faso,BFA,Magicians,0.3753971645533229
Burkina Faso,BFA,Workhorses,0.40523130541509444
Burkina Faso,BFA,Rentiers,0.4016819744929382
Burkina Faso,BFA,Powerbrokers,0.5612426995457496
Burma/Myanmar,MMR,Magicians,0.30828136156063807
Burma/Myanmar,MMR,Workhorses,0.12535687318120375
Burma/Myanmar,MMR,Rentiers,0.5310435508651309
Burma/Myanmar,MMR,Powerbrokers,0.8496222304625938
Burundi,BDI,Magicians,0.2810983898836951
Burundi,BDI,Workhorses,0.10602888454506829
Burundi,BDI,Rentiers,0.5027772381362767
Burundi,BDI,Powerbrokers,0.8042667099286178
Cambodia,KHM,Magicians,0.31736156113917624
Cambodia,KHM,Workhorses,0.1633002209335273
Cambodia,KHM,Rentiers,0.47536745550539306
Cambodia,KHM,Powerbrokers,0.6899276907388523
Cameroon,CMR,Magicians,0.363928225937965
Cameroon,CMR,Workhorses,0.21400499872296663
Cameroon,CMR,Rentiers,0.5211551849662729
Cameroon,CMR,Powerbrokers,0.7066723834244923
Canada,CAN,Magicians,0.6683864112523114
Canada,CAN,Workhorses,0.79726801766486
Canada,CAN,Rentiers,0.4716254606687743
Canada,CAN,Powerbrokers,0.0993788819875776
Cape Verde,CPV,Magicians,0.4427342802335514
Cape Verde,CPV,Workhorses,0.62264197695092
Cape Verde,CPV,Rentiers,0.36861217446488975
Cape Verde,CPV,Powerbrokers,0.422360248447205
Central African Republic,CAF,Magicians,0.29274007711117545
Central African Republic,CAF,Workhorses,0.11591487227896999
Central African Republic,CAF,Rentiers,0.5604283219604127
Central African Republic,CAF,Powerbrokers,0.908628441642718
Chile,CHL,Magicians,0.6569561059426472
Chile,CHL,Workhorses,0.843508720858023
Chile,CHL,Rentiers,0.4969211571977865
Chile,CHL,Powerbrokers,0.3503406878650227
China,CHN,Magicians,0.45060440008042896
China,CHN,Workhorses,0.3740826307507272
China,CHN,Rentiers,0.47742462281557385
China,CHN,Powerbrokers,0.5977681468434226
Colombia,COL,Magicians,0.5822525442886207
Colombia,COL,Workhorses,0.5564057963812621
Colombia,COL,Rentiers,0.583206350204348
Colombia,COL,Powerbrokers,0.39082923889867427
Comoros,COM,Magicians,0.31408232049519935
Comoros,COM,Workhorses,0.23387758159793154
Comoros,COM,Rentiers,0.29277284490120903
Comoros,COM,Powerbrokers,0.1490683229813664
Costa Rica,CRI,Magicians,0.6479325639036458
Costa Rica,CRI,Workhorses,0.8552361906518301
Costa Rica,CRI,Rentiers,0.4925900056121951
Costa Rica,CRI,Powerbrokers,0.4267752850653565
Croatia,HRV,Magicians,0.5779254260362864
Croatia,HRV,Workhorses,0.6356235430743424
Croatia,HRV,Rentiers,0.4822171648642268
Croatia,HRV,Powerbrokers,0.25905024566607954
Cyprus,CYP,Magicians,0.6083424527406939
Cyprus,CYP,Workhorses,0.7383628008315904
Cyprus,CYP,Rentiers,0.48125429781091145
Cyprus,CYP,Powerbrokers,0.4161490683229814
Czechia,CZE,Magicians,0.6881496303019867
Czechia,CZE,Workhorses,0.8702521265944582
Czechia,CZE,Rentiers,0.4441364887166515
Czechia,CZE,Powerbrokers,0.06833456938907945
Democratic Republic of the Congo,COD,Magicians,0.2590753854711532
Democratic Republic of the Congo,COD,Workhorses,0.09550871162254304
Democratic Republic of the Congo,COD,Rentiers,0.5188389727843981
Democratic Republic of the Congo,COD,Powerbrokers,0.9024172615184944
Denmark,DNK,Magicians,0.7391873353427938
Denmark,DNK,Workhorses,0.9504473241402331
Denmark,DNK,Rentiers,0.46301245735421137
Denmark,DNK,Powerbrokers,0.018633540372670843
Djibouti,DJI,Magicians,0.40918457105172124
Djibouti,DJI,Workhorses,0.359785231148234
Djibouti,DJI,Rentiers,0.4341277780724042
Djibouti,DJI,Powerbrokers,0.4749582831185686
Dominican Republic,DOM,Magicians,0.5951826769620467
Dominican Republic,DOM,Workhorses,0.5165699673727258
Dominican Republic,DOM,Rentiers,0.6458780266085594
Dominican Republic,DOM,Powerbrokers,0.5511842959117457
Ecuador,ECU,Magicians,0.47180630648001326
Ecuador,ECU,Workhorses,0.3375024803153328
Ecuador,ECU,Rentiers,0.5963399626808289
Ecuador,ECU,Powerbrokers,0.6325785667933623
Egypt,EGY,Magicians,0.48329052955397434
Egypt,EGY,Workhorses,0.3976995389081198
Egypt,EGY,Rentiers,0.6010272381637413
Egypt,EGY,Powerbrokers,0.7450635023639567
El Salvador,SLV,Magicians,0.3136835316367898
El Salvador,SLV,Workhorses,0.23029233099671217
El Salvador,SLV,Rentiers,0.3887728218106477
El Salvador,SLV,Powerbrokers,0.5112867340317049
Equatorial Guinea,GNQ,Magicians,0.3501374548153585
Equatorial Guinea,GNQ,Workhorses,0.18132073404275237
Equatorial Guinea,GNQ,Rentiers,0.5563473598803138
Equatorial Guinea,GNQ,Powerbrokers,0.9216417910447761
Eritrea,ERI,Magicians,0.2502674762585099
Eritrea,ERI,Workhorses,0.10789599409147856
Eritrea,ERI,Rentiers,0.5049570620102107
Eritrea,ERI,Powerbrokers,0.9888059701492538
Estonia,EST,Magicians,0.6921418306034945
Estonia,EST,Workhorses,0.9239127549215889
Estonia,EST,Rentiers,0.4097140951156766
Estonia,EST,Powerbrokers,0.01552795031055898
Eswatini,SWZ,Magicians,0.3018581946500981
Eswatini,SWZ,Workhorses,0.21546721123094204
Eswatini,SWZ,Rentiers,0.42929985394834186
Eswatini,SWZ,Powerbrokers,0.5432812644850282
Ethiopia,ETH,Magicians,0.3326091066273227
Ethiopia,ETH,Workhorses,0.2394426412973171
Ethiopia,ETH,Rentiers,0.4702255585276204
Ethiopia,ETH,Powerbrokers,0.6899508667840919
Fiji,FJI,Magicians,0.43304393234086974
Fiji,FJI,Workhorses,0.556977099813544
Fiji,FJI,Rentiers,0.26522415459776
Fiji,FJI,Powerbrokers,0.05590062111801242
Finland,FIN,Magicians,0.7055153423954754
Finland,FIN,Workhorses,0.8883671031873739
Finland,FIN,Rentiers,0.4842603104163361
Finland,FIN,Powerbrokers,0.16770186335403725
France,FRA,Magicians,0.7258085632375201
France,FRA,Workhorses,0.8622527489234999
France,FRA,Rentiers,0.5746027782665485
France,FRA,Powerbrokers,0.3726708074534162
Gabon,GAB,Magicians,0.47128379161875145
Gabon,GAB,Workhorses,0.5226117296727905
Gabon,GAB,Rentiers,0.4297686095101576
Gabon,GAB,Powerbrokers,0.5370700843608046
Georgia,GEO,Magicians,0.40525318514540626
Georgia,GEO,Workhorses,0.47464876867299355
Georgia,GEO,Rentiers,0.3281723853827347
Georgia,GEO,Powerbrokers,0.2871280244739038
Germany,DEU,Magicians,0.7478403606875036
Germany,DEU,Workhorses,0.9324443390447869
Germany,DEU,Rentiers,0.5277110157738242
Germany,DEU,Powerbrokers,0.2360248447204969
Ghana,GHA,Magicians,0.531264502517153
Ghana,GHA,Workhorses,0.5355959770903623
Ghana,GHA,Rentiers,0.5466708128852413
Ghana,GHA,Powerbrokers,0.5201283952906276
Greece,GRC,Magicians,0.6213029315528932
Greece,GRC,Workhorses,0.7029686138688545
Greece,GRC,Rentiers,0.6174630527591028
Greece,GRC,Powerbrokers,0.8571428571428572
Guatemala,GTM,Magicians,0.5639155970169483
Guatemala,GTM,Workhorses,0.5273074606879304
Guatemala,GTM,Rentiers,0.5999408671034296
Guatemala,GTM,Powerbrokers,0.5866784091962548
Guinea,GIN,Magicians,0.2916953932685262
Guinea,GIN,Workhorses,0.21316746257914485
Guinea,GIN,Rentiers,0.4268212975040846
Guinea,GIN,Powerbrokers,0.6271321961620469
Guinea-Bissau,GNB,Magicians,0.3124920895158898
Guinea-Bissau,GNB,Workhorses,0.231640202473388
Guinea-Bissau,GNB,Rentiers,0.4786758180929456
Guinea-Bissau,GNB,Powerbrokers,0.8551844813201075
Guyana,GUY,Magicians,0.4888861365998603
Guyana,GUY,Workhorses,0.4724212427869379
Guyana,GUY,Rentiers,0.5634297530365812
Guyana,GUY,Powerbrokers,0.6832298136645962
Haiti,HTI,Magicians,0.33312093394686215
Haiti,HTI,Workhorses,0.19856148791852357
Haiti,HTI,Rentiers,0.5214819901876235
Haiti,HTI,Powerbrokers,0.6999049782145175
Honduras,HND,Magicians,0.5571814950924721
Honduras,HND,Workhorses,0.5239012160016085
Honduras,HND,Rentiers,0.5737051732870998
Honduras,HND,Powerbrokers,0.5232339853527395
Hungary,HUN,Magicians,0.5874204649788348
Hungary,HUN,Workhorses,0.5141648141492303
Hungary,HUN,Rentiers,0.5732108393726028
Hungary,HUN,Powerbrokers,0.3430286455919162
Iceland,ISL,Magicians,0.7041588598228252
Iceland,ISL,Workhorses,0.8653511803534861
Iceland,ISL,Rentiers,0.5747102246253704
Iceland,ISL,Powerbrokers,0.45341614906832295
India,IND,Magicians,0.46382136696843573
India,IND,Workhorses,0.4205509925311252
India,IND,Rentiers,0.5174847135284957
India,IND,Powerbrokers,0.5859947158616854
Indonesia,IDN,Magicians,0.4557349020542891
Indonesia,IDN,Workhorses,0.3798311793369838
Indonesia,IDN,Rentiers,0.5320833074759217
Indonesia,IDN,Powerbrokers,0.5698178362844164
Iran,IRN,Magicians,0.3996056377270505
Iran,IRN,Workhorses,0.36913748452651074
Iran,IRN,Rentiers,0.522250799930642
Iran,IRN,Powerbrokers,0.9316538425883008
Iraq,IRQ,Magicians,0.433755173107822
Iraq,IRQ,Workhorses,0.3580345285643994
Iraq,IRQ,Rentiers,0.5096421205525274
Iraq,IRQ,Powerbrokers,0.6731714100305923
Ireland,IRL,Magicians,0.6791870872186486
Ireland,IRL,Workhorses,0.8104825311915254
Ireland,IRL,Rentiers,0.4725907719098862
Ireland,IRL,Powerbrokers,0.037267080745341574
Israel,ISR,Magicians,0.6732095125781254
Israel,ISR,Workhorses,0.7708743043814121
Israel,ISR,Rentiers,0.5564990370590801
Israel,ISR,Powerbrokers,0.39751552795031053
Italy,ITA,Magicians,0.6483989714667064
Italy,ITA,Workhorses,0.7174902830787008
Italy,ITA,Rentiers,0.4966266262373682
Italy,ITA,Powerbrokers,0.22981366459627328
Ivory Coast,CIV,Magicians,0.39945609607084376
Ivory Coast,CIV,Workhorses,0.4182245375728843
Ivory Coast,CIV,Rentiers,0.41769011103315684
Ivory Coast,CIV,Powerbrokers,0.5711504588856957
Jamaica,JAM,Magicians,0.542284758882966
Jamaica,JAM,Workhorses,0.711186242777869
Jamaica,JAM,Rentiers,0.38669479823532005
Jamaica,JAM,Powerbrokers,0.22444841012329658
Japan,JPN,Magicians,0.7095284136225735
Japan,JPN,Workhorses,0.8249625213297193
Japan,JPN,Rentiers,0.48738629369009884
Japan,JPN,Powerbrokers,0.04347826086956519
Jordan,JOR,Magicians,0.5707046317915647
Jordan,JOR,Workhorses,0.6435209598838016
Jordan,JOR,Rentiers,0.4292168117057815
Jordan,JOR,Powerbrokers,0.19396032261054974
Kazakhstan,KAZ,Magicians,0.43962433035779785
Kazakhstan,KAZ,Workhorses,0.4138496959987257
Kazakhstan,KAZ,Rentiers,0.3818046279367854
Kazakhstan,KAZ,Powerbrokers,0.3282307407064059
Kenya,KEN,Magicians,0.49074892450771773
Kenya,KEN,Workhorses,0.50257298844104
Kenya,KEN,Rentiers,0.5165484518689676
Kenya,KEN,Powerbrokers,0.44805089459534625
Kuwait,KWT,Magicians,0.5647722314041991
Kuwait,KWT,Workhorses,0.631788385244021
Kuwait,KWT,Rentiers,0.44667196008482446
Kuwait,KWT,Powerbrokers,0.3169671827199407
Kyrgyzstan,KGZ,Magicians,0.5023695058021158
Kyrgyzstan,KGZ,Workhorses,0.4756799685672497
Kyrgyzstan,KGZ,Rentiers,0.4794386518778882
Kyrgyzstan,KGZ,Powerbrokers,0.4455942337999444
Laos,LAO,Magicians,0.38130807877696976
Laos,LAO,Workhorses,0.42342837085021534
Laos,LAO,Rentiers,0.43436806904037706
Laos,LAO,Powerbrokers,0.6923495874663947
Latvia,LVA,Magicians,0.6571131985459793
Latvia,LVA,Workhorses,0.8451929629001564
Latvia,LVA,Rentiers,0.41640326043399023
Latvia,LVA,Powerbrokers,0.0727148419393715
Lebanon,LBN,Magicians,0.507185551659848
Lebanon,LBN,Workhorses,0.35255377265729426
Lebanon,LBN,Rentiers,0.6371351743092861
Lebanon,LBN,Powerbrokers,0.7171943079632891
Lesotho,LSO,Magicians,0.3909764087097004
Lesotho,LSO,Workhorses,0.5449176975854768
Lesotho,LSO,Rentiers,0.32506863484711673
Lesotho,LSO,Powerbrokers,0.3997520163159359
Liberia,LBR,Magicians,0.4000244374861236
Liberia,LBR,Workhorses,0.33126422425901364
Liberia,LBR,Rentiers,0.5623603970594355
Liberia,LBR,Powerbrokers,0.7874177250393992
Libya,LBY,Magicians,0.29031342265454213
Libya,LBY,Workhorses,0.2791586462918415
Libya,LBY,Rentiers,0.4631190959722053
Libya,LBY,Powerbrokers,0.9335079262074719
Lithuania,LTU,Magicians,0.6186546383801359
Lithuania,LTU,Workhorses,0.786122395274056
Lithuania,LTU,Rentiers,0.42040730868468795
Lithuania,LTU,Powerbrokers,0.09628487994808566
Luxembourg,LUX,Magicians,0.6513247094987832
Luxembourg,LUX,Workhorses,0.8675649818906876
Luxembourg,LUX,Rentiers,0.4116637820855534
Luxembourg,LUX,Powerbrokers,0.1925465838509317
Madagascar,MDG,Magicians,0.3184909261998183
Madagascar,MDG,Workhorses,0.18498948640061244
Madagascar,MDG,Rentiers,0.5353580857381296
Madagascar,MDG,Powerbrokers,0.741366923148234
Malawi,MWI,Magicians,0.5110469392411209
Malawi,MWI,Workhorses,0.4982685843554663
Malawi,MWI,Rentiers,0.5335622034268758
Malawi,MWI,Powerbrokers,0.5991007694447019
Malaysia,MYS,Magicians,0.5721517439249872
Malaysia,MYS,Workhorses,0.49538435891125077
Malaysia,MYS,Rentiers,0.5091288410201792
Malaysia,MYS,Powerbrokers,0.10509177713914897
Mali,MLI,Magicians,0.3635521754557689
Mali,MLI,Workhorses,0.4271473369536877
Mali,MLI,Rentiers,0.44718725256839836
Mali,MLI,Powerbrokers,0.6972860851024381
Malta,MLT,Magicians,0.6521694084332162
Malta,MLT,Workhorses,0.7727051164250168
Malta,MLT,Rentiers,0.4445681887174707
Malta,MLT,Powerbrokers,0.09316770186335399
Mauritania,MRT,Magicians,0.298652291824839
Mauritania,MRT,Workhorses,0.24875370295561214
Mauritania,MRT,Rentiers,0.39992261901671056
Mauritania,MRT,Powerbrokers,0.6036316862890516
Mauritius,MUS,Magicians,0.5606150050615549
Mauritius,MUS,Workhorses,0.6687951993520843
Mauritius,MUS,Rentiers,0.4085274851289149
Mauritius,MUS,Powerbrokers,0.2093839807175304
Mexico,MEX,Magicians,0.47468298970010275
Mexico,MEX,Workhorses,0.40526162736233057
Mexico,MEX,Rentiers,0.4824795757462505
Mexico,MEX,Powerbrokers,0.3566677482154445
Moldova,MDA,Magicians,0.47753014079835404
Moldova,MDA,Workhorses,0.5929984358328345
Moldova,MDA,Rentiers,0.40694676830222964
Moldova,MDA,Powerbrokers,0.373516733104663
Mongolia,MNG,Magicians,0.4942647561523104
Mongolia,MNG,Workhorses,0.48410638866187294
Mongolia,MNG,Rentiers,0.4429212137719487
Mongolia,MNG,Powerbrokers,0.2113771206081394
Montenegro,MNE,Magicians,0.5631199260083062
Montenegro,MNE,Workhorses,0.6814978627876145
Montenegro,MNE,Rentiers,0.37457652253058965
Montenegro,MNE,Powerbrokers,0.10878835635487161
Morocco,MAR,Magicians,0.5348094394450731
Morocco,MAR,Workhorses,0.5279796827715024
Morocco,MAR,Rentiers,0.5448782427717531
Morocco,MAR,Powerbrokers,0.46979002503012884
Mozambique,MOZ,Magicians,0.3651870241181421
Mozambique,MOZ,Workhorses,0.21974726161518823
Mozambique,MOZ,Rentiers,0.5747508899475064
Mozambique,MOZ,Powerbrokers,0.7687841846667285
Namibia,NAM,Magicians,0.5291571496313826
Namibia,NAM,Workhorses,0.6211679893779223
Namibia,NAM,Rentiers,0.42540132742808634
Namibia,NAM,Powerbrokers,0.24176091591730786
Nepal,NPL,Magicians,0.4291099045347063
Nepal,NPL,Workhorses,0.5092923806223065
Nepal,NPL,Rentiers,0.4092336928443921
Nepal,NPL,Powerbrokers,0.4618638175581719
Netherlands,NLD,Magicians,0.7061079118209653
Netherlands,NLD,Workhorses,0.8723692931873042
Netherlands,NLD,Rentiers,0.48519114561214993
Netherlands,NLD,Powerbrokers,0.1428571428571429
New Zealand,NZL,Magicians,0.6954735104742514
New Zealand,NZL,Workhorses,0.8867559885890018
New Zealand,NZL,Rentiers,0.4385513646049318
New Zealand,NZL,Powerbrokers,0.006211180124223614
Nicaragua,NIC,Magicians,0.2637714883696189
Nicaragua,NIC,Workhorses,0.08717475836854773
Nicaragua,NIC,Rentiers,0.42220801268783836
Nicaragua,NIC,Powerbrokers,0.5792736627421897
Niger,NER,Magicians,0.43713757010426657
Niger,NER,Workhorses,0.44204250255764543
Niger,NER,Rentiers,0.5162930880631674
Niger,NER,Powerbrokers,0.6985607675906182
Nigeria,NGA,Magicians,0.4275054398438378
Nigeria,NGA,Workhorses,0.3349505241640317
Nigeria,NGA,Rentiers,0.5044695137342303
Nigeria,NGA,Powerbrokers,0.46011402614257907
North Macedonia,MKD,Magicians,0.48251694407358275
North Macedonia,MKD,Workhorses,0.433784119525486
North Macedonia,MKD,Rentiers,0.37884980343097907
North Macedonia,MKD,Powerbrokers,0.09447714841939375
Norway,NOR,Magicians,0.6904461992427186
Norway,NOR,Workhorses,0.9105548015253453
Norway,NOR,Rentiers,0.4745136602093271
Norway,NOR,Powerbrokers,0.2422360248447205
Oman,OMN,Magicians,0.4996920170818088
Oman,OMN,Workhorses,0.4907805021013821
Oman,OMN,Rentiers,0.5040975244246204
Oman,OMN,Powerbrokers,0.49968712338926485
Pakistan,PAK,Magicians,0.37692167991745984
Pakistan,PAK,Workhorses,0.23531685743453834
Pakistan,PAK,Rentiers,0.5361123117951816
Pakistan,PAK,Powerbrokers,0.7003916751645499
Panama,PAN,Magicians,0.5327986601965211
Panama,PAN,Workhorses,0.5455004341872178
Panama,PAN,Rentiers,0.5007240116028946
Panama,PAN,Powerbrokers,0.44983545007879855
Papua New Guinea,PNG,Magicians,0.5182030956423914
Papua New Guinea,PNG,Workhorses,0.4043284963344621
Papua New Guinea,PNG,Rentiers,0.6511828647036815
Papua New Guinea,PNG,Powerbrokers,0.5557036247334755
Paraguay,PRY,Magicians,0.4689531923776272
Paraguay,PRY,Workhorses,0.432582151826911
Paraguay,PRY,Rentiers,0.540188622744324
Paraguay,PRY,Powerbrokers,0.6860572911838324
Peru,PER,Magicians,0.49577581379078667
Peru,PER,Workhorses,0.45951233463049074
Peru,PER,Rentiers,0.47222723782929343
Peru,PER,Powerbrokers,0.3106517103921387
Philippines,PHL,Magicians,0.5161577294363413
Philippines,PHL,Workhorses,0.3643388772223508
Philippines,PHL,Rentiers,0.5652693746926407
Philippines,PHL,Powerbrokers,0.32628395290627604
Poland,POL,Magicians,0.5749063497768739
Poland,POL,Workhorses,0.6824784553816636
Poland,POL,Rentiers,0.44315752554977916
Poland,POL,Powerbrokers,0.25406739593955685
Portugal,PRT,Magicians,0.5831940354148264
Portugal,PRT,Workhorses,0.7102955173650816
Portugal,PRT,Rentiers,0.5603473263862925
Portugal,PRT,Powerbrokers,0.782608695652174
Qatar,QAT,Magicians,0.5543992087401383
Qatar,QAT,Workhorses,0.5274594506493243
Qatar,QAT,Rentiers,0.47426242132468105
Qatar,QAT,Powerbrokers,0.24484332993418
Republic of the Congo,COG,Magicians,0.3668394394022465
Republic of the Congo,COG,Workhorses,0.2259396171786016
Republic of the Congo,COG,Rentiers,0.5677348272532023
Republic of the Congo,COG,Powerbrokers,0.9365903402243441
Romania,ROU,Magicians,0.5317931275719108
Romania,ROU,Workhorses,0.5982496522357004
Romania,ROU,Rentiers,0.411454473948181
Romania,ROU,Powerbrokers,0.231123111152313
Russia,RUS,Magicians,0.42212724069519336
Russia,RUS,Workhorses,0.31450033907907116
Russia,RUS,Rentiers,0.47317130720377915
Russia,RUS,Powerbrokers,0.48777463613608973
Rwanda,RWA,Magicians,0.3816241206399477
Rwanda,RWA,Workhorses,0.36585158720134403
Rwanda,RWA,Rentiers,0.3750344058583587
Rwanda,RWA,Powerbrokers,0.3331440622972096
Saudi Arabia,SAU,Magicians,0.457131694814276
Saudi Arabia,SAU,Workhorses,0.3711843597011364
Saudi Arabia,SAU,Rentiers,0.4700257138275584
Saudi Arabia,SAU,Powerbrokers,0.3628789283396681
Senegal,SEN,Magicians,0.4838838565859453
Senegal,SEN,Workhorses,0.5669981041078963
Senegal,SEN,Rentiers,0.4895212649270188
Senegal,SEN,Powerbrokers,0.686022527115973
Serbia,SRB,Magicians,0.5704259948065588
Serbia,SRB,Workhorses,0.5265819633393832
Serbia,SRB,Rentiers,0.4986031781032603
Serbia,SRB,Powerbrokers,0.3069783072216557
Seychelles,SYC,Magicians,0.5551149300369514
Seychelles,SYC,Workhorses,0.8337334239933732
Seychelles,SYC,Rentiers,0.4440787678652171
Seychelles,SYC,Powerbrokers,0.6770186335403727
Sierra Leone,SLE,Magicians,0.3877699468004522
Sierra Leone,SLE,Workhorses,0.4878060142628156
Sierra Leone,SLE,Rentiers,0.45967046150984464
Sierra Leone,SLE,Powerbrokers,0.8495295262816354
Singapore,SGP,Magicians,0.726275481555321
Singapore,SGP,Workhorses,0.7949172255902363
Singapore,SGP,Rentiers,0.48807520863853177
Singapore,SGP,Powerbrokers,0.009328358208955223
Slovakia,SVK,Magicians,0.5442789303824853
Slovakia,SVK,Workhorses,0.6191418541066034
Slovakia,SVK,Rentiers,0.42756603848660324
Slovakia,SVK,Powerbrokers,0.16711087420042642
Slovenia,SVN,Magicians,0.6075347643660175
Slovenia,SVN,Workhorses,0.7111287626765852
Slovenia,SVN,Rentiers,0.4722617041885594
Slovenia,SVN,Powerbrokers,0.31057059423379996
Somalia,SOM,Magicians,0.3132684680422646
Somalia,SOM,Workhorses,0.20836817406373848
Somalia,SOM,Rentiers,0.5118181075663867
Somalia,SOM,Powerbrokers,0.9658153332715306
South Africa,ZAF,Magicians,0.5658641285066732
South Africa,ZAF,Workhorses,0.6857447888603788
South Africa,ZAF,Rentiers,0.4814621312969411
South Africa,ZAF,Powerbrokers,0.3932743116714564
South Korea,KOR,Magicians,0.7200935643898886
South Korea,KOR,Workhorses,0.8271447484492324
South Korea,KOR,Rentiers,0.5238454727390816
South Korea,KOR,Powerbrokers,0.21870075090386576
Spain,ESP,Magicians,0.685277947546303
Spain,ESP,Workhorses,0.828321993155045
Spain,ESP,Rentiers,0.5352209890625255
Spain,ESP,Powerbrokers,0.3416149068322981
Sri Lanka,LKA,Magicians,0.5165000736093592
Sri Lanka,LKA,Workhorses,0.7128790736100223
Sri Lanka,LKA,Rentiers,0.4298373203405516
Sri Lanka,LKA,Powerbrokers,0.5083549643088904
Sudan,SDN,Magicians,0.27411960089389914
Sudan,SDN,Workhorses,0.14557077624480258
Sudan,SDN,Rentiers,0.49501893214882153
Sudan,SDN,Powerbrokers,0.9483985352739408
Suriname,SUR,Magicians,0.5135048641474859
Suriname,SUR,Workhorses,0.6007972159565407
Suriname,SUR,Rentiers,0.5180073025628817
Suriname,SUR,Powerbrokers,0.7080745341614907
Sweden,SWE,Magicians,0.730506269965552
Sweden,SWE,Workhorses,0.8926063101354769
Sweden,SWE,Rentiers,0.5346484537577484
Sweden,SWE,Powerbrokers,0.22360248447204967
Switzerland,CHE,Magicians,0.7642133260065637
Switzerland,CHE,Workhorses,0.9283886544605728
Switzerland,CHE,Rentiers,0.5114494271024322
Switzerland,CHE,Powerbrokers,0.06211180124223603
Syria,SYR,Magicians,0.33596935921933907
Syria,SYR,Workhorses,0.3447423955309924
Syria,SYR,Rentiers,0.4599690226688344
Syria,SYR,Powerbrokers,0.9639612496523593
Tajikistan,TJK,Magicians,0.33339781888458075
Tajikistan,TJK,Workhorses,0.18654513744269707
Tajikistan,TJK,Rentiers,0.507012081337053
Tajikistan,TJK,Powerbrokers,0.7390493186242699
Tanzania,TZA,Magicians,0.4321838679251913
Tanzania,TZA,Workhorses,0.39854382143888445
Tanzania,TZA,Rentiers,0.4882974470977736
Tanzania,TZA,Powerbrokers,0.5743371651061462
Thailand,THA,Magicians,0.5840460782453001
Thailand,THA,Workhorses,0.4609213126601698
Thailand,THA,Rentiers,0.6788628420103515
Thailand,THA,Powerbrokers,0.669845647538704
The Gambia,GMB,Magicians,0.47107057964966415
The Gambia,GMB,Workhorses,0.6115047849946272
The Gambia,GMB,Rentiers,0.40441864102417296
The Gambia,GMB,Powerbrokers,0.3382312042273107
Timor-Leste,TLS,Magicians,0.4213935455067969
Timor-Leste,TLS,Workhorses,0.5795233545817532
Timor-Leste,TLS,Rentiers,0.40260591545383456
Timor-Leste,TLS,Powerbrokers,0.7283419857235561
Togo,TGO,Magicians,0.3701618880754186
Togo,TGO,Workhorses,0.36787513448418374
Togo,TGO,Rentiers,0.4201999231219144
Togo,TGO,Powerbrokers,0.720299898025401
Trinidad and Tobago,TTO,Magicians,0.5074811102753798
Trinidad and Tobago,TTO,Workhorses,0.7003219081742798
Trinidad and Tobago,TTO,Rentiers,0.39792452873830025
Trinidad and Tobago,TTO,Powerbrokers,0.45172429776582923
Tunisia,TUN,Magicians,0.43391402888276054
Tunisia,TUN,Workhorses,0.5678093296497695
Tunisia,TUN,Rentiers,0.42054242339927306
Tunisia,TUN,Powerbrokers,0.6394734402521554
Turkmenistan,TKM,Magicians,0.3651865725549051
Turkmenistan,TKM,Workhorses,0.26857968662009424
Turkmenistan,TKM,Rentiers,0.5187687084257006
Turkmenistan,TKM,Powerbrokers,0.9626865671641791
Türkiye,TUR,Magicians,0.47461712705366954
Türkiye,TUR,Workhorses,0.2781475964911185
Türkiye,TUR,Rentiers,0.5954505530077924
Türkiye,TUR,Powerbrokers,0.5336632057105775
Uganda,UGA,Magicians,0.3598098753477232
Uganda,UGA,Workhorses,0.2879424785783707
Uganda,UGA,Rentiers,0.37334331118548825
Uganda,UGA,Powerbrokers,0.356829980532122
Ukraine,UKR,Magicians,0.4158616740710035
Ukraine,UKR,Workhorses,0.42590855012508394
Ukraine,UKR,Rentiers,0.4466757427656788
Ukraine,UKR,Powerbrokers,0.5809423379994438
United Arab Emirates,ARE,Magicians,0.6277582171668665
United Arab Emirates,ARE,Workhorses,0.5976916904700303
United Arab Emirates,ARE,Rentiers,0.48345346985237464
United Arab Emirates,ARE,Powerbrokers,0.19385603040697136
United Kingdom,GBR,Magicians,0.6921628109674673
United Kingdom,GBR,Workhorses,0.7912154980011193
United Kingdom,GBR,Rentiers,0.5526263795363712
United Kingdom,GBR,Powerbrokers,0.27329192546583847
United States of America,USA,Magicians,0.6880732597204654
United States of America,USA,Workhorses,0.7340227574198122
United States of America,USA,Rentiers,0.5220287752726441
United States of America,USA,Powerbrokers,0.0496894409937888
Uruguay,URY,Magicians,0.6092410357932391
Uruguay,URY,Workhorses,0.8004669494369759
Uruguay,URY,Rentiers,0.4434184528191082
Uruguay,URY,Powerbrokers,0.34602994345044963
Uzbekistan,UZB,Magicians,0.3943808596914399
Uzbekistan,UZB,Workhorses,0.32986061053755383
Uzbekistan,UZB,Rentiers,0.4981349118039961
Uzbekistan,UZB,Powerbrokers,0.8208955223880597
Venezuela,VEN,Magicians,0.35085572280672117
Venezuela,VEN,Workhorses,0.17707612083266266
Venezuela,VEN,Rentiers,0.575689653529854
Venezuela,VEN,Powerbrokers,0.9651779920274404
Vietnam,VNM,Magicians,0.4125656104824336
Vietnam,VNM,Workhorses,0.37173602213626133
Vietnam,VNM,Rentiers,0.4292273429732382
Vietnam,VNM,Powerbrokers,0.5058983035134885
Yemen,YEM,Magicians,0.28142203669579574
Yemen,YEM,Workhorses,0.12208160164581856
Yemen,YEM,Rentiers,0.5526932812892559
Yemen,YEM,Powerbrokers,0.9881918049504033
Zambia,ZMB,Magicians,0.3719975222735038
Zambia,ZMB,Workhorses,0.4140413029703164
Zambia,ZMB,Rentiers,0.43824449771171714
Zambia,ZMB,Powerbrokers,0.6363330861221841
Zimbabwe,ZWE,Magicians,0.32479547755444843
Zimbabwe,ZWE,Workhorses,0.19286068099973558
Zimbabwe,ZWE,Rentiers,0.5319330747448138
Zimbabwe,ZWE,Powerbrokers,0.8427621210716603
